City,Cloudiness,Country,Date,Humidity,Lat,Lng,Max Temp,Wind Speed
georgetown,20,MY,1636931432,93,5.4112,100.3354,78.89,0.0
zhigansk,61,RU,1636931432,99,66.7697,123.3711,-25.29,7.0
hobart,75,AU,1636931385,60,-42.8794,147.3294,51.03,4.0
westport,20,US,1636931432,65,41.1415,-73.3579,48.79,1.01
saint-philippe,54,RE,1636931433,80,-21.3585,55.7679,74.79,13.15
mar del plata,75,ES,1636931433,86,43.4002,-4.0094,57.02,3.0
talnakh,89,RU,1636931433,99,69.4865,88.3972,-12.01,3.2
mahebourg,75,MU,1636931434,83,-20.4081,57.7,76.24,5.75
cidreira,100,BR,1636931434,83,-30.1811,-50.2056,68.56,19.13
olafsvik,95,IS,1636931434,68,64.8945,-23.7142,38.23,40.09
albany,95,US,1636931435,70,42.6001,-73.9662,43.75,4.85
ixtapa,40,MX,1636931435,66,20.7,-105.2,85.23,9.22
hilo,40,US,1636931229,81,19.7297,-155.09,82.8,11.5
ushuaia,100,AR,1636931436,99,-54.8,-68.3,40.35,8.5
dikson,100,RU,1636931436,100,73.5069,80.5464,-10.73,7.7
kapaa,75,US,1636931436,71,22.0752,-159.319,80.92,1.99
hermanus,100,ZA,1636931436,75,-34.4187,19.2345,63.9,4.05
torbay,86,CA,1636931437,88,47.6666,-52.7314,50.27,8.01
sinnamary,87,GF,1636931437,83,5.3833,-52.95,79.05,9.71
upernavik,9,GL,1636931437,73,72.7868,-56.1549,0.64,6.76
sisimiut,100,GL,1636931438,70,66.9395,-53.6735,18.75,8.86
jamestown,90,US,1636931304,99,42.097,-79.2353,34.09,5.01
geraldton,90,AU,1636931438,88,-28.7667,114.6,61.21,4.61
tiksi,65,RU,1636931438,98,71.6872,128.8694,-14.62,6.78
garowe,27,SO,1636931439,84,8.4054,48.4845,70.09,7.14
hobyo,59,SO,1636931439,75,5.3505,48.5268,79.29,8.19
busselton,31,AU,1636931439,63,-33.65,115.3333,61.05,11.97
yumen,0,CN,1636931440,32,40.2833,97.2,30.2,5.88
barrow,90,US,1636931440,78,71.2906,-156.7887,8.62,17.27
lanzhou,0,CN,1636931440,36,36.0564,103.7922,36.75,1.95
tuktoyaktuk,75,CA,1636931441,92,69.4541,-133.0374,5.0,10.36
kungurtug,94,RU,1636931441,88,50.5994,97.5228,13.17,2.21
hoi an,100,ID,1636931441,78,-9.8262,124.4269,72.91,1.28
pavlovsk,100,RU,1636931442,78,50.4578,40.1081,34.03,4.74
saint-pierre,0,RE,1636931442,69,-21.3393,55.4781,74.88,5.75
port alfred,83,CD,1636931442,66,-7.0349,29.7638,74.89,7.83
vaini,20,TO,1636931443,78,-21.2,-175.2,78.96,12.66
cajazeiras,36,BR,1636931421,34,-6.8903,-38.5553,87.21,1.57
yellowknife,75,CA,1636931360,100,62.456,-114.3525,18.41,6.91
buala,80,SB,1636931443,71,-8.145,159.5921,85.23,8.19
new norfolk,82,LR,1636931444,96,6.6518,-10.5932,76.23,0.25
arraial do cabo,100,BR,1636931444,78,-22.8362,-46.646,67.41,11.25
san pedro,91,ML,1636931444,20,13.3034,-4.8956,82.11,8.43
puerto ayora,0,ES,1636931445,84,36.5939,-6.233,62.26,8.05
grand river south east,51,US,1636931175,38,38.8755,-109.5012,58.82,0.38
constitucion,96,CL,1636931445,76,-35.3333,-72.4167,56.37,15.17
toamasina,80,MG,1636931445,86,-18.1667,49.3833,72.95,4.56
lompoc,1,US,1636931446,37,34.6391,-120.4579,88.09,6.91
kruisfontein,100,ZA,1636931446,86,-34.0033,24.7314,56.88,3.36
cape town,87,CL,1636931446,42,-36.413,-71.9028,63.82,11.12
acapulco,1,MX,1636931447,58,16.8634,-99.8901,84.02,4.61
ust-kuyga,100,RU,1636931447,100,70.0167,135.6,-24.12,3.65
mataura,60,NZ,1636931447,44,-46.1927,168.8643,62.17,5.3
amga,96,RU,1636931448,100,60.8953,131.9608,-17.14,2.15
manbij,100,SY,1636931448,28,36.5281,37.9549,43.57,5.93
chino valley,1,US,1636931448,20,34.0122,-117.6889,96.4,3.0
santiago de las vegas,0,CL,1636931221,30,-33.4569,-70.6483,72.84,6.91
bethel,90,US,1636931449,71,41.3712,-73.414,46.49,1.01
punta arenas,86,PH,1636931449,88,8.9897,125.34,77.79,2.71
palimbang,99,PH,1636931449,86,6.2106,124.1894,79.56,3.06
lebu,5,CL,1636931450,80,-37.6167,-73.65,55.65,8.03
makakilo city,75,US,1636931450,78,21.3524,-158.0865,78.71,13.8
cherskiy,100,RU,1636931450,92,68.75,161.3,10.56,0.96
taupo,65,NZ,1636931451,53,-38.6833,176.0833,63.25,11.88
faya,0,SA,1636931451,69,18.3851,42.4509,54.12,3.71
sokoni,100,TZ,1636931452,74,-6.4333,39.55,79.75,10.87
nikolskoye,15,RU,1636931452,76,59.7035,30.7861,33.03,7.85
dunedin,92,NZ,1636931452,66,-45.8742,170.5036,54.81,3.0
basoko,74,CD,1636931453,94,1.2391,23.616,71.2,0.87
qaanaaq,7,GL,1636931453,55,77.484,-69.3632,-10.64,9.13
aktau,18,KZ,1636931453,70,43.65,51.2,27.18,7.43
calabozo,41,VE,1636931453,45,8.9242,-67.4293,84.07,6.8
mastic beach,75,US,1636931454,64,40.802,-72.8409,48.97,1.01
saint-joseph,44,RE,1636931454,79,-21.3667,55.6167,73.78,8.1
chinhoyi,73,ZW,1636931455,79,-17.3667,30.2,67.59,6.96
esperance,100,AU,1636931455,64,-33.8667,121.9,59.43,16.98
poum,28,NC,1636931455,77,-20.2333,164.0167,80.65,12.28
kumla,90,SE,1636931456,93,59.1277,15.1434,39.33,0.0
santa lucia,88,PH,1636931456,79,17.486,120.4348,77.11,4.52
panacan,98,PH,1636931456,86,9.2463,118.4082,80.08,10.42
alofi,77,NU,1636931457,65,-19.0595,-169.9187,76.21,11.61
kamina,90,CD,1636931457,98,-8.7386,24.9906,62.49,4.05
kaitangata,76,NZ,1636931457,68,-46.2817,169.8464,57.92,6.13
areka,95,ET,1636931458,74,7.0667,37.7,63.97,3.62
severo-kurilsk,97,RU,1636931458,94,50.6789,156.125,40.89,17.07
ponta do sol,78,PT,1636931458,76,38.7333,-28.2667,61.48,21.54
wairoa,1,NZ,1636931459,48,-39.0333,177.3667,75.54,8.99
bredasdorp,100,ZA,1636931459,79,-34.5322,20.0403,61.45,1.39
vostok,54,RU,1636931459,83,46.4856,135.8833,14.07,6.13
half moon bay,91,LR,1636931460,86,6.3807,-10.6953,76.89,2.42
bluff,55,NZ,1636931460,58,-46.6,168.3333,56.41,2.35
laguna,90,US,1636931460,88,38.421,-121.4238,79.65,4.61
sturgis,90,US,1636931460,57,41.7992,-85.4192,37.42,11.5
caravelas,100,BR,1636931461,65,-17.7125,-39.2481,72.82,11.18
ipixuna,100,BR,1636931461,87,-1.7625,-48.8043,82.35,4.41
hegra,0,NO,1636931462,100,63.4644,11.114,26.51,1.14
kerema,99,PG,1636931462,73,-7.9631,145.7785,83.46,3.58
khatanga,100,RU,1636931462,98,71.9667,102.5,-1.66,2.26
rikitea,99,PF,1636931462,73,-23.1203,-134.9692,74.26,14.7
asau,42,RO,1636931463,78,46.4333,26.4,40.95,2.3
avarua,75,CK,1636931463,69,-21.2078,-159.775,77.05,11.5
castro,80,BR,1636931463,73,-24.7911,-50.0119,60.37,6.08
kosh-agach,100,RU,1636931464,82,50.0,88.6667,17.17,4.12
atuona,2,PF,1636931464,68,-9.8,-139.0333,78.67,15.57
ribeira grande,0,ES,1636931464,87,42.7461,-8.4439,55.36,4.61
santiago,0,CL,1636931465,28,-33.4569,-70.6483,73.17,6.91
mount isa,57,GB,1636931465,98,53.6597,-1.8537,47.48,2.62
aloleng,88,PH,1636931465,79,16.1307,119.7824,80.42,6.51
sapouy,83,BF,1636931466,23,11.5544,-1.7736,79.79,4.23
provideniya,90,RU,1636931466,74,64.3833,-173.3,26.71,8.95
jalu,61,LY,1636931466,52,29.0331,21.5482,65.64,11.12
thompson,74,CA,1636931467,88,55.7435,-97.8558,21.63,5.01
kavieng,100,PG,1636931467,68,-2.5744,150.7967,84.81,10.63
mingshui,100,CN,1636931467,57,36.7167,117.5,48.04,3.74
payo,100,ID,1636931468,97,-3.7508,103.6372,73.42,0.89
port-gentil,100,GA,1636931468,80,-0.7193,8.7815,78.04,2.59
porto de moz,0,PT,1636931235,86,41.1496,-8.611,55.29,7.0
suntar,95,RU,1636931469,98,62.1444,117.6319,5.74,3.94
pampierstad,59,ZA,1636931469,22,-27.7832,24.6877,72.86,5.82
udachnyy,49,RU,1636931469,99,66.4167,112.4,-17.3,5.64
rorvik,100,NO,1636931469,56,64.8621,11.2373,41.43,18.9
wanning,98,CN,1636931470,83,18.8003,110.3967,73.49,10.09
nemuro,21,JP,1636931470,71,43.3236,145.575,47.01,15.43
baykit,100,RU,1636931470,97,61.67,96.37,19.09,2.46
tulun,100,RU,1636931471,96,54.5611,100.5792,20.84,2.48
gladstone,0,AU,1636931471,57,-23.85,151.25,83.79,6.91
heishan,0,CN,1636931472,75,41.6892,122.1128,28.53,4.45
linjiang,25,CN,1636931472,95,41.8069,126.9078,28.89,0.65
saldanha,100,ZA,1636931472,83,-33.0117,17.9442,63.32,14.65
leningradskiy,100,RU,1636931473,95,69.3833,178.4167,11.41,9.37
znamenskoye,100,RU,1636931473,91,57.1281,73.8282,16.54,9.42
hithadhoo,98,MV,1636931473,71,-0.6,73.0833,81.95,10.92
shestakovo,100,RU,1636931474,95,56.4915,103.96,25.75,5.17
iquique,72,CL,1636931474,76,-20.2208,-70.1431,64.44,1.21
tasiilaq,100,GL,1636931474,85,65.6145,-37.6368,37.56,8.63
kutum,0,SD,1636931475,22,14.2,24.6667,67.21,7.94
hokitika,89,NZ,1636931475,60,-42.7167,170.9667,59.25,6.64
san patricio,91,ML,1636931444,20,13.3034,-4.8956,82.11,8.43
axim,9,GH,1636931475,86,4.8699,-2.2405,79.03,7.54
gimli,46,CA,1636931476,93,50.6336,-96.9907,18.79,6.58
naryan-mar,100,RU,1636931476,87,67.6713,53.087,22.69,12.24
taoudenni,8,ML,1636931476,26,22.6783,-3.9836,78.64,8.57
lokosovo,86,RU,1636931477,91,61.1333,74.8167,-3.71,3.67
maridi,62,SS,1636931477,81,4.9158,29.4742,70.23,2.53
isangel,0,VU,1636931477,63,-19.55,169.2667,83.32,6.73
husavik,23,IS,1636931478,72,66.0449,-17.3389,35.65,19.44
imeni poliny osipenko,68,NG,1636931478,93,7.3199,5.9646,73.51,5.19
ahipara,8,NZ,1636931478,76,-35.1667,173.1667,67.75,13.62
richards bay,90,US,1636931479,93,46.8361,-95.9123,23.25,5.75
fortuna,40,US,1636931479,90,40.5982,-124.1573,67.42,1.01
luderitz,0,NA,1636931479,49,-26.6481,15.1594,70.54,16.17
concordia,31,AR,1636931480,76,-31.393,-58.0209,74.79,5.99
cherdyn,100,RU,1636931480,96,60.403,56.4787,13.75,4.47
nuevo progreso,0,US,1636931480,12,33.8014,-117.1459,93.65,1.99
sobolevo,7,RU,1636931481,95,54.4299,31.8996,30.16,6.22
chapais,100,CA,1636931481,84,49.7834,-74.8492,28.18,5.39
astoria,90,US,1636931481,96,46.1879,-123.8313,62.02,11.99
dongling,4,CN,1636931481,78,41.8144,123.5758,17.69,2.77
victoria,78,HK,1636931448,78,22.2855,114.1577,70.32,1.99
daltenganj,3,IN,1636931227,86,24.0333,84.0667,64.98,3.85
port elizabeth,83,CD,1636931442,66,-7.0349,29.7638,74.89,7.83
alamosa,1,US,1636931482,21,37.4695,-105.87,57.34,0.0
yulara,21,AU,1636931482,29,-25.2406,130.9889,67.57,16.06
rakitnoye,52,RU,1636931483,88,50.8389,35.8515,32.25,4.88
narsaq,2,GL,1636931483,76,60.9167,-46.05,12.42,4.36
nalut,0,LY,1636931483,34,30.3333,10.85,59.04,5.32
adrar,6,MR,1636931484,33,20.5022,-10.0711,77.29,6.64
iqaluit,93,CA,1636931484,84,63.7506,-68.5145,9.7,4.0
katherine,100,AU,1636931484,50,-14.4667,132.2667,77.32,9.22
darhan,7,MN,1636931485,53,49.4867,105.9228,25.21,5.82
kamaishi,3,JP,1636931485,67,39.2667,141.8833,43.75,5.17
tuatapere,56,NZ,1636931485,50,-46.1333,167.6833,60.13,5.93
igrim,73,RU,1636931486,92,63.1906,64.4162,13.39,7.78
roma,90,US,1636931357,87,43.2128,-75.4557,42.66,0.0
dedovichi,27,RU,1636931486,87,57.5517,29.9502,30.07,6.69
beidao,1,CN,1636931486,76,34.5686,105.8933,37.27,1.23
buin,92,CL,1636931487,30,-33.7333,-70.75,74.05,8.77
kodiak,1,US,1636931487,55,57.79,-152.4072,31.51,9.22
bonthe,92,SL,1636931487,76,7.5264,-12.505,79.03,2.64
komsomolskiy,100,UZ,1636931488,55,40.4272,71.7189,42.22,10.31
touros,6,BR,1636931488,78,-5.1989,-35.4608,81.5,12.88
nome,90,US,1636931478,74,64.5011,-165.4064,19.47,0.0
faanui,100,PF,1636931488,85,-16.4833,-151.75,76.28,11.65
klaksvik,100,FO,1636931489,78,62.2266,-6.589,47.32,20.36
butaritari,10,KI,1636931489,72,3.0707,172.7902,82.44,16.98
nanortalik,0,GL,1636931489,63,60.1432,-45.2371,18.82,33.33
saint-francois,90,FR,1636931490,100,46.4154,3.9054,44.04,4.61
east london,27,IS,1636931490,96,65.0,-15.0,28.71,8.46
khandyga,68,RU,1636931490,100,62.6667,135.6,-20.96,1.39
sola,84,VU,1636931491,76,-13.8833,167.55,81.48,15.5
inta,100,RU,1636931491,95,66.0317,60.1659,13.66,11.27
linxia,1,CN,1636931491,52,35.6003,103.2064,31.24,0.72
chuy,100,UY,1636931491,90,-33.6971,-53.4616,65.79,6.93
pasighat,16,IN,1636931492,62,28.0667,95.3333,60.96,2.82
phan rang,93,TH,1636931492,97,19.5539,99.7405,70.81,1.7
san luis,91,ML,1636931492,20,13.3034,-4.8956,82.11,8.43
beringovskiy,100,RU,1636931493,90,63.05,179.3167,30.67,19.89
sao filipe,94,IN,1636931493,64,20.5113,76.2129,71.96,4.88
atar,94,MR,1636931493,29,20.5169,-13.0499,83.75,5.28
aquiraz,11,BR,1636931494,62,-3.9014,-38.3911,86.22,12.71
biltine,0,TD,1636931494,17,14.5333,20.9167,77.45,8.5
iralaya,72,HN,1636931494,85,15.0,-83.2333,77.09,9.4
sechura,10,PE,1636931495,64,-5.5569,-80.8222,69.17,17.4
stokmarknes,100,NO,1636931495,92,68.5646,14.9108,35.35,18.05
sao joao da barra,94,IN,1636931495,64,20.5113,76.2129,71.96,4.88
souillac,75,MU,1636931496,83,-20.5167,57.5167,76.35,5.75
carnarvon,24,AU,1636931496,71,-24.8667,113.6333,69.64,10.13
srandakan,100,ID,1636931497,91,-7.9386,110.2506,61.74,2.73
kahului,40,US,1636931497,86,20.8947,-156.47,78.84,4.61
kashi,17,CN,1636931497,54,39.4547,75.9797,31.78,1.95
salalah,0,OM,1636931498,60,17.0151,54.0924,73.49,3.44
baruun-urt,6,MN,1636931498,60,46.6806,113.2792,21.13,8.93
norwich,90,GB,1636931498,96,52.6278,1.2983,52.14,3.44
saint-augustin,100,CA,1636931499,78,51.226,-58.6502,34.11,21.21
ancud,100,CL,1636931499,77,-41.8697,-73.8203,46.42,17.6
apatfalva,99,HU,1636931499,66,46.1667,20.5833,35.83,5.26
columbia,1,US,1636931500,48,34.0007,-81.0348,57.47,5.75
oudtshoorn,86,ZA,1636931500,59,-33.5907,22.2014,67.01,0.69
katobu,100,ID,1636931500,91,-4.9408,122.5276,77.58,1.86
zhaotong,100,CN,1636931500,95,27.3167,103.7167,40.73,2.53
divnoye,100,RU,1636931501,74,45.9089,43.3547,36.07,7.92
codrington,100,AU,1636931501,60,-38.2667,141.9667,50.65,19.42
ilawe,99,NG,1636931501,95,7.8667,4.4333,73.56,5.23
clyde river,100,US,1636931502,92,41.3042,-82.9752,37.11,14.9
northam,91,GB,1636931502,87,51.0333,-4.2167,53.1,1.95
malabo,85,GQ,1636931260,87,3.75,8.7833,78.33,6.6
ambilobe,29,MG,1636931502,79,-13.2,49.05,73.89,2.73
pacific grove,69,US,1636931503,63,38.482,-90.7415,48.18,3.0
uribia,14,CO,1636931503,60,11.7139,-72.266,83.48,13.22
najran,0,SA,1636931503,43,17.4924,44.1277,59.52,2.24
payakumbuh,100,ID,1636931504,86,-0.2202,100.6308,67.95,3.11
chokurdakh,100,RU,1636931504,97,70.6333,147.9167,1.99,3.56
petropavlovsk-kamchatskiy,0,RU,1636931504,59,53.0452,158.6483,30.79,4.47
caxito,99,AO,1636931504,89,-8.5785,13.6643,77.43,3.47
iyo,55,JP,1636931505,77,33.7514,132.7014,54.41,2.98
parnarama,79,BR,1636931505,95,-5.6817,-43.0933,73.18,2.91
fairbanks,90,US,1636931505,77,64.8378,-147.7164,-2.24,0.0
chapleau,100,CA,1636931506,76,47.8405,-83.4034,27.81,4.52
mehamn,100,NO,1636931506,75,71.0357,27.8492,28.31,12.97
nosy varika,0,PL,1636931506,99,51.9889,20.7953,42.31,6.38
bambous virieux,34,MU,1636931507,73,-20.2567,57.4061,75.13,8.95
uglovskoye,94,RU,1636931507,58,51.3557,80.1942,32.43,13.35
pierre,90,US,1636931369,58,44.3683,-100.351,46.85,3.0
lufilufi,13,WS,1636931508,71,-13.8745,-171.5986,87.58,0.76
kahuta,0,PK,1636931508,34,33.5913,73.3868,53.85,6.85
kampot,91,KH,1636931508,94,10.6167,104.1833,77.05,6.51
scarborough,7,GB,1636931509,90,54.2797,-0.4044,50.54,5.01
vicosa,68,BR,1636931509,92,-20.7539,-42.8819,60.48,4.5
korla,27,CN,1636931509,49,41.7597,86.1469,30.52,3.0
ichinohe,74,JP,1636931510,87,40.2069,141.3017,46.6,5.59
linguere,97,SN,1636931510,30,15.3953,-15.1193,86.34,10.56
griffith,90,US,1636931511,74,41.5284,-87.4237,37.51,4.0
saskylakh,100,RU,1636931511,91,71.9167,114.0833,-6.83,7.2
marana,1,US,1636931511,12,32.4367,-111.2254,89.94,8.05
lagoa,100,PT,1636931511,78,39.05,-27.9833,65.77,21.77
kislyakovskaya,100,RU,1636931512,73,46.4417,39.675,39.07,8.5
evensk,100,RU,1636931459,91,61.95,159.2333,29.55,15.39
vao,27,NC,1636931512,78,-22.6667,167.4833,76.24,9.69
sidi qasim,77,CF,1636931512,91,5.0829,19.8781,73.29,3.87
yuli,56,NG,1636931513,26,9.6989,10.2744,80.33,3.18
airai,98,TL,1636931513,83,-8.9266,125.4092,64.11,1.77
norman wells,1,US,1636931327,39,35.2226,-97.4395,61.86,0.0
quelimane,95,MZ,1636931514,91,-17.8786,36.8883,77.97,6.46
cockburn town,3,AU,1636931514,47,-32.0833,141.0,57.6,14.76
yaring,92,TH,1636931514,90,6.8662,101.3689,76.32,4.03
port blair,83,CD,1636931514,66,-7.0349,29.7638,74.89,7.83
sovetskiy,57,RU,1636931515,91,61.3614,63.5842,10.58,6.06
onufriyivka,100,UA,1636931515,67,48.9072,33.4487,38.39,2.08
grindavik,75,IS,1636931515,87,63.8424,-22.4338,36.07,31.07
gamba,71,GA,1636931516,90,-2.65,10.0,75.54,3.96
ketchikan,90,US,1636931516,100,55.3422,-131.6461,37.87,4.61
volnovakha,100,UA,1636931516,78,47.601,37.4967,33.94,6.04
vaitape,100,PF,1636931517,86,-16.5167,-151.75,76.14,11.86
lengshuitan,100,CN,1636931517,84,26.4111,111.5956,56.46,3.11
muros,0,ES,1636931517,87,42.7762,-9.0603,54.84,11.14
kindu,100,CD,1636931518,98,-2.95,25.95,69.4,1.66
laksar,0,IN,1636931518,66,29.7667,78.05,58.39,2.24
surt,0,LY,1636931518,64,31.2089,16.5887,70.83,16.75
longyearbyen,20,SJ,1636931518,72,78.2186,15.6401,10.24,12.66
jacksonville,20,US,1636931390,61,30.3322,-81.6556,60.91,6.91
itarema,14,BR,1636931519,79,-2.9248,-39.9167,80.62,12.66
kontagora,100,NG,1636931519,39,10.3999,5.4695,78.42,1.03
palmer,84,US,1636931520,72,42.1584,-72.3287,45.28,4.12
kysyl-syr,96,RU,1636931520,98,63.8986,122.7617,-8.73,3.15
namibe,100,AO,1636931520,81,-15.1961,12.1522,71.71,2.55
nelson bay,1,NZ,1636931520,51,-41.2833,173.2833,73.8,10.63
buraydah,95,SA,1636931521,33,26.326,43.975,63.28,8.66
pitea,100,SE,1636931521,84,65.3172,21.4794,31.1,9.57
ambovombe,98,MG,1636931521,90,-25.1667,46.0833,71.76,4.63
broome,90,US,1636931522,77,42.2506,-75.833,41.38,1.01
noumea,33,NC,1636931522,99,-22.2763,166.4572,87.78,8.63
marrakesh,0,MA,1636931523,67,31.6315,-8.0083,57.27,1.14
dongsheng,10,CN,1636931523,43,39.8161,109.9776,27.73,6.51
loukhi,6,RU,1636931523,87,66.0764,33.0381,18.54,4.97
okha,60,RU,1636931524,88,53.5739,142.9478,23.92,14.92
lensk,75,RU,1636931524,99,60.7253,114.9278,5.83,3.33
krasnoselkup,55,RU,1636931524,100,65.7,82.4667,-14.3,6.29
anacortes,90,US,1636931343,96,48.5126,-122.6127,62.76,1.01
bongandanga,47,CD,1636931477,91,1.5,21.05,70.39,0.83
lahaina,100,US,1636931525,89,20.8783,-156.6825,78.8,2.68
onalaska,64,US,1636931525,67,43.8844,-91.2351,32.49,7.0
yarkovo,93,RU,1636931525,92,57.4028,67.0786,14.36,7.09
cap malheureux,49,FR,1636931526,87,49.2718,-1.2104,55.02,5.06
lavrentiya,92,RU,1636931526,94,65.5833,-171.0,12.67,5.48
tehri,0,IN,1636931526,56,30.3833,78.4833,53.2,4.74
high level,29,US,1636931527,56,33.6123,-95.7472,65.17,2.86
pisco,0,PE,1636931527,72,-13.7,-76.2167,66.25,13.8
olinda,40,BR,1636931527,74,-8.0089,-34.8553,82.13,8.05
zhuanghe,1,CN,1636931528,66,39.7008,122.9911,39.24,6.49
sembe,56,CG,1636931528,93,1.6481,14.5806,68.68,2.57
mazamari,96,PE,1636931528,94,-11.3258,-74.5308,73.62,1.99
jasper,1,US,1636931529,48,37.2001,-94.3502,53.55,4.61
namatanai,99,PG,1636931529,70,-3.6667,152.4333,84.07,6.29
lata,0,PT,1636931529,66,40.1629,-8.3327,52.81,3.15
tosno,16,RU,1636931529,77,59.54,30.8775,32.95,8.05
santa cruz,88,PH,1636931456,79,17.486,120.4348,77.11,4.52
ivanteyevka,98,RU,1636931530,80,55.9711,37.9208,34.48,10.87
makhinjauri,0,GE,1636931530,87,41.6739,41.694,46.26,11.5
amarillo,1,US,1636931249,27,35.222,-101.8313,64.81,3.0
arinos,100,BR,1636931531,88,-15.9169,-46.1056,66.16,5.41
honningsvag,100,NO,1636931531,65,70.9821,25.9704,31.24,21.63
minsk,49,BY,1636931399,90,53.9,27.5667,33.55,7.09
boden,100,SE,1636931531,82,65.8252,21.6886,29.57,7.58
gangapur,0,IN,1636931532,42,26.4833,76.7167,62.46,2.66
danilov,89,RU,1636931532,80,58.1908,40.1717,28.29,9.1
harindanga,83,IN,1636931532,84,22.0383,88.3214,71.58,5.48
bouca,38,CF,1636931533,88,6.5105,18.2733,72.61,3.83
jaisalmer,0,IN,1636931533,18,26.9147,70.9181,69.3,5.39
martapura,40,ID,1636931533,83,-3.4167,114.85,77.09,6.91
armizonskoye,100,RU,1636931534,90,55.9461,67.6736,15.26,12.28
eureka,100,US,1636931534,87,40.8021,-124.1637,63.12,1.01
krasnokholmskiy,96,RU,1636931534,95,55.9873,55.0466,13.33,1.57
lagos,99,NG,1636931254,89,6.5833,3.75,78.94,4.52
bhuj,0,IN,1636931535,35,23.2667,69.6667,71.33,6.76
cabo san lucas,4,BR,1636931535,78,-8.2833,-35.0333,82.33,8.1
mwinilunga,100,ZM,1636931535,94,-11.7358,24.4293,61.97,2.19
leshukonskoye,16,RU,1636931536,89,64.8989,45.7622,19.81,7.61
lorengau,100,PG,1636931536,80,-2.0226,147.2712,80.83,2.71
padang,100,ID,1636931536,83,-0.9492,100.3543,71.65,2.98
priboj,53,BA,1636931537,88,44.6028,18.9314,40.98,1.97
kloulklubed,83,PW,1636931537,72,7.0419,134.2556,77.5,8.5
mandalgovi,3,MN,1636931538,56,45.7625,106.2708,22.26,4.92
porto novo,0,PT,1636931539,86,41.1496,-8.611,55.29,7.0
hals,83,DK,1636931539,87,56.9961,10.3081,45.0,9.75
yar-sale,79,RU,1636931540,87,66.8333,70.8333,7.41,10.78
sao raimundo das mangabeiras,94,IN,1636931493,64,20.5113,76.2129,71.96,4.88
fort saint john,3,NL,1636931540,87,52.6517,6.3861,47.91,6.51
dzaoudzi,40,YT,1636931540,83,-12.7887,45.2699,78.69,6.91
kawalu,99,ID,1636931541,98,-7.3817,108.2082,71.76,0.69
hojai,14,IN,1636931541,95,26.0,92.8667,62.8,2.46
vokhma,100,RU,1636931541,96,58.9303,46.7586,26.42,4.03
imbituba,60,BR,1636931542,85,-28.24,-48.6703,70.83,15.68
maraba,100,BR,1636931542,91,-5.3686,-49.1178,75.76,1.32
hamilton,90,US,1636931543,88,39.1834,-84.5333,37.24,1.99
port lincoln,83,CD,1636931543,66,-7.0349,29.7638,74.89,7.83
sioux lookout,90,US,1636931543,80,42.7333,-96.2336,39.7,5.75
presidente olegario,100,BR,1636931544,84,-29.9461,-50.1113,68.31,18.5
tigil,100,RU,1636931544,86,57.8,158.6667,27.55,11.9
tefe,99,BR,1636931544,94,-3.3542,-64.7114,75.76,1.66
sao felix do xingu,94,IN,1636931493,64,20.5113,76.2129,71.96,4.88
kalianget,100,ID,1636931545,82,-7.05,113.9333,79.84,2.39
banda aceh,0,IN,1636931545,52,25.4833,80.3333,63.07,2.13
lae,61,PG,1636931545,63,-6.7221,146.9847,85.53,2.01
villacarrillo,0,ES,1636931546,56,38.1156,-3.0848,46.99,3.38
xai-xai,57,MZ,1636931546,87,-25.0519,33.6442,73.33,9.06
bengkulu,100,ID,1636931547,89,-3.8004,102.2655,74.53,4.29
ilulissat,90,GL,1636931547,67,69.2167,-51.1,12.22,11.5
lerwick,100,GB,1636931547,96,60.1545,-1.1494,51.8,18.81
eirunepe,95,BR,1636931548,89,-6.6603,-69.8736,77.13,3.29
nishihara,20,JP,1636931548,69,26.1842,127.7558,69.08,11.5
berdigestyakh,57,RU,1636931252,100,62.0989,126.6992,-20.38,2.55
bilma,91,NE,1636931548,16,18.6853,12.9164,77.95,5.82
mackay,0,AU,1636931549,60,-21.15,149.2,82.04,4.81
koson,5,UZ,1636931549,78,39.0375,65.585,43.12,3.51
chingola,76,ZM,1636931549,70,-12.529,27.8838,65.05,2.68
sarmanovo,100,RU,1636931550,92,55.2553,52.5891,9.28,4.34
palana,100,RU,1636931550,99,59.1167,159.9667,29.62,23.26
chililabombwe,74,ZM,1636931550,76,-12.3648,27.8229,64.2,2.95
kawhia,11,NZ,1636931551,75,-38.0651,174.8183,72.75,11.07
champerico,36,GT,1636931551,72,14.3,-91.9167,86.76,5.84
katsuura,0,JP,1636931551,67,35.1333,140.3,60.12,9.78
banjar,100,ID,1636931552,87,-8.19,114.9675,78.66,2.53
moerai,100,PF,1636931552,89,-22.4333,-151.3333,70.23,10.76
tevaitoa,100,PF,1636931552,86,-16.7833,-151.5,75.29,11.25
antsohihy,34,MG,1636931553,80,-14.8796,47.9875,77.34,1.39
smithers,85,CA,1636931553,92,54.7804,-127.1743,36.75,2.44
marzuq,1,YE,1636931553,37,14.4,46.4667,65.71,1.28
inhambane,55,MZ,1636931554,90,-23.865,35.3833,73.09,6.85
marawi,98,PH,1636931554,92,7.9986,124.2928,67.64,2.13
ostrovnoy,100,RU,1636931554,88,68.0531,39.5131,24.24,20.78
tazmalt,67,DZ,1636931555,86,36.3868,4.3989,55.89,2.33
hiriyur,100,IN,1636931555,93,13.9456,76.6192,69.8,4.76
san andres,91,ML,1636931338,20,13.3034,-4.8956,82.11,8.43
utrecht,61,NL,1636931547,90,52.0,5.25,49.08,5.88
ushibuka,4,JP,1636931555,61,32.1906,130.0228,61.07,6.82
gat,50,IL,1636931285,34,31.61,34.7642,69.82,11.79
flinders,8,AU,1636931556,50,-34.5833,150.8552,63.21,8.99
avera,0,US,1636931556,43,33.194,-82.5271,57.7,7.54
kiama,10,AU,1636931556,49,-34.6833,150.8667,62.38,18.86
vila,0,PT,1636931557,80,42.0304,-8.1588,45.34,5.12
pyinmana,90,MM,1636931557,95,19.7333,96.2167,70.7,2.35
coihaique,90,CL,1636931558,81,-45.5752,-72.0662,40.95,10.36
shingu,0,JP,1636931558,74,33.7333,135.9833,56.39,5.28
olga,14,RU,1636931558,68,43.7444,135.2892,35.28,7.99
nyurba,98,RU,1636931559,99,63.2842,118.3319,1.09,1.79
flin flon,91,FR,1636931559,94,48.4982,6.6557,48.27,9.35
ukiah,1,US,1636931559,47,39.1502,-123.2078,77.97,0.0
turukhansk,98,RU,1636931560,100,65.8167,87.9833,-13.79,3.18
aswan,0,EG,1636931560,45,24.0934,32.907,75.38,8.93
zabol,0,AF,1636931560,35,32.25,67.25,37.98,5.01
mmathubudukwane,24,BW,1636931476,53,-24.6,26.4333,73.83,6.4
gari,41,RU,1636931561,97,59.4307,62.3497,5.85,4.03
upington,79,ZA,1636931561,18,-28.4478,21.2561,79.9,7.09
myitkyina,25,MM,1636931562,96,25.3833,97.4,63.07,2.68
coquimbo,0,CL,1636931537,77,-29.9533,-71.3436,60.53,12.66
boshan,100,CN,1636931562,52,36.4833,117.8333,46.18,2.55
nizza monferrato,75,FR,1636931563,81,43.7,7.25,56.84,6.91
castlerea,100,IE,1636931563,94,53.7667,-8.5,51.03,9.26
sinfra,51,CI,1636931563,94,6.6167,-5.9167,73.02,3.15
kovur,72,IN,1636931564,90,14.4833,79.9833,76.77,3.51
mount gambier,57,GB,1636931564,98,53.6597,-1.8537,47.48,2.62
loubomo,80,CG,1636931564,97,-4.1997,12.6739,72.5,3.56
cayenne,0,GF,1636931565,81,4.9333,-52.3333,81.09,1.01
srednekolymsk,100,RU,1636931565,97,67.45,153.6833,5.13,5.93
borogontsy,100,RU,1636931565,100,62.6683,131.1683,-16.83,1.77
kupang,40,ID,1636931566,94,-10.1667,123.5833,81.18,1.14
hasaki,23,JP,1636931566,57,35.7333,140.8333,48.6,12.64
zhanaozen,10,KZ,1636931566,73,43.3,52.8,34.47,7.31
opuwo,98,NA,1636931567,45,-18.0607,13.84,75.81,5.08
piopio,30,NZ,1636931567,52,-38.4667,175.0167,70.95,8.72
barra do bugres,76,BR,1636931567,66,-11.0894,-43.1417,77.83,8.1
key west,38,US,1636931568,31,32.7282,-101.7996,69.73,5.97
odweyne,22,SO,1636931568,42,9.4092,45.064,66.07,2.46
takab,100,IR,1636931568,48,36.4009,47.1133,40.26,4.83
ellisras,22,ZA,1636931569,57,-23.6649,27.7443,71.42,5.26
bardiyah,23,LY,1636931569,70,31.7561,25.0865,65.26,3.02
guerrero negro,13,MX,1636931569,66,17.6667,-100.0,70.77,3.24
newport,8,GB,1636931570,92,51.5877,-2.9984,51.76,3.91
port moresby,83,CD,1636931570,66,-7.0349,29.7638,74.89,7.83
yarmouth,1,US,1636931570,70,41.7057,-70.2286,50.99,11.5
orlik,100,RU,1636931571,91,52.5178,99.825,10.81,2.04
collie,20,AU,1636931571,60,-33.3667,116.15,57.97,9.48
mount darwin,57,GB,1636931571,98,53.6597,-1.8537,47.48,2.62
gornopravdinsk,69,RU,1636931572,99,60.05,69.9,5.47,2.59
mys shmidta,91,RU,1636931572,95,62.0589,48.6201,20.61,6.44
bereda,49,ES,1636931572,97,43.2686,-7.5406,51.91,4.76
zavetnoye,100,RU,1636931573,76,47.1194,43.8903,35.44,4.59
amaraji,9,BR,1636931573,88,-8.3831,-35.4525,79.45,7.02
whitehaven,75,GB,1636931573,83,54.549,-3.5841,52.66,12.48
sitka,75,US,1636931476,75,57.0531,-135.33,39.09,4.61
vila velha,0,PT,1636931574,80,42.0304,-8.1588,45.34,5.12
yashkul,99,RU,1636931574,70,46.1711,45.3435,36.86,6.08
morro bay,49,EC,1636931574,82,-2.6332,-80.3274,80.62,14.18
zeya,9,RU,1636931575,62,53.75,127.2667,11.03,4.14
novobelokatay,53,RU,1636931575,100,55.7062,58.9549,5.22,2.33
dingle,68,PH,1636931575,92,10.9995,122.6711,77.43,6.51
okhotsk,100,RU,1636931576,96,59.3833,143.3,25.99,7.92
praia da vitoria,20,CV,1636931576,73,14.9215,-23.5087,75.74,16.11
hami,1,CN,1636931576,48,42.8,93.45,29.71,2.62
wajima,46,JP,1636931577,67,37.4,136.9,59.7,15.28
beloye,100,UA,1636931577,75,48.4952,39.0505,36.05,0.76
riyadh,31,SA,1636931577,30,24.6877,46.7219,59.14,2.59
khani,99,GE,1636931578,51,41.9563,42.9566,44.17,3.91
ternate,100,ID,1636931578,76,0.8,127.4,81.43,3.62
lasa,98,IT,1636931578,96,46.6166,10.7002,41.74,2.37
vestmannaeyjar,100,IS,1636931579,67,63.4427,-20.2734,41.23,37.54
ust-tsilma,53,RU,1636931579,87,65.441,52.1498,17.04,6.76
vryburg,54,ZA,1636931579,15,-26.9566,24.7284,72.79,7.76
sabang,98,ID,1636931580,76,5.8933,95.3214,81.3,17.72
portland,90,US,1636931209,80,45.5234,-122.6762,66.42,3.0
ribas do rio pardo,1,PT,1636931580,53,41.4547,-8.0175,52.9,4.88
blagnac,75,FR,1636931580,92,43.6328,1.394,50.58,9.22
kilindoni,81,TZ,1636931581,71,-7.9139,39.6668,79.86,13.02
dhar,28,IN,1636931581,37,22.6,75.3,62.29,7.61
romanovka,100,RU,1636931581,96,51.7443,42.7527,34.21,9.98
nizhniy kuranakh,100,RU,1636931582,75,45.3926,39.2364,36.99,7.27
khovu-aksy,100,RU,1636931582,81,51.1333,93.6,20.37,4.9
lithgow,5,AU,1636931582,55,-33.4833,150.15,54.66,17.2
meulaboh,92,ID,1636931582,88,4.1363,96.1285,76.05,3.33
vardo,87,NO,1636931583,73,70.3705,31.1107,23.2,17.58
alanya,100,TR,1636931583,33,36.5438,31.9998,57.33,3.67
bintulu,100,MY,1636931583,91,3.1667,113.0333,76.17,4.16
valle hermoso,81,NO,1636931584,95,59.2126,7.5356,33.28,2.39
raudeberg,100,NO,1636931584,78,61.9875,5.1352,47.98,11.01
zhangye,0,CN,1636931584,30,38.9342,100.4517,32.85,7.4
kambam,98,ID,1636931585,85,5.2505,96.8629,78.24,7.02
manono,100,CD,1636931585,85,-7.3,27.4167,69.87,2.06
san jose,91,ML,1636931338,20,13.3034,-4.8956,82.11,8.43
radcliff,1,US,1636931586,67,37.8404,-85.9491,42.39,5.01
molina,0,CL,1636931586,40,-35.1167,-71.2833,70.38,10.36
kuvshinovo,49,RU,1636931586,84,57.0295,34.1725,28.99,8.63
numan,86,NG,1636931587,27,9.4667,12.0333,80.42,3.58
san rafael,91,ML,1636931338,20,13.3034,-4.8956,82.11,8.43
waipawa,0,NZ,1636931587,54,-41.4122,175.5153,63.23,23.64
salta,100,AR,1636931588,65,-24.7859,-65.4117,66.58,1.99
kachug,100,RU,1636931588,99,53.9606,105.8817,19.42,1.86
coahuayana,10,MX,1636931588,56,18.7333,-103.6833,92.68,4.74
shenjiamen,51,CN,1636931589,55,29.9576,122.298,58.44,2.06
grants pass,1,US,1636931589,16,35.1473,-107.8514,62.83,11.5
kenitra,20,MA,1636931589,83,34.261,-6.5802,57.96,3.36
petrozavodsk,99,RU,1636931590,86,61.7849,34.3469,29.26,9.69
malatya,0,TR,1636931590,74,38.5,38.0,28.45,4.61
culaman,100,PH,1636931590,74,5.9603,125.6586,81.63,3.51
ban tak,83,LA,1636931591,99,20.0173,104.6053,60.19,0.69
nsanje,79,MW,1636931591,89,-16.92,35.262,74.57,2.46
pevek,100,RU,1636931591,91,69.7008,170.3133,16.02,3.06
tura,1,IN,1636931592,85,25.5198,90.2201,59.31,3.15
nakskov,98,DK,1636931592,78,54.8373,11.1284,49.1,14.45
hofn,28,IS,1636931592,77,64.2539,-15.2082,41.43,33.11
anadyr,90,RU,1636931593,92,64.75,177.4833,30.7,15.01
taywarah,0,AF,1636931593,60,33.35,64.4167,28.06,6.85
jega,100,NG,1636931593,19,12.2175,4.3792,81.09,3.78
oranjemund,11,NA,1636931594,83,-28.55,16.4333,62.01,10.49
tezu,9,IN,1636931594,50,27.9167,96.1667,60.96,3.6
juli,85,PE,1636931594,57,-16.2167,-69.45,52.45,5.35
russell,1,US,1636931595,72,32.3502,-85.1999,55.0,0.0
